,City,Cloudiness,Country,Date,Humidity,Lat,Lng,Max Temp,Wind Speed
0,Cape Town,75,ZA,1567574692,93,14.99,59.0,-33.93,18.42
1,Castro,0,CL,1567574879,80,5.82,35.6,-42.48,-73.76
2,Tigre,0,AR,1567574879,52,4.7,44.6,-34.42,-58.58
3,Caledon,90,CA,1567574866,78,14.99,73.4,43.88,-79.86
4,Leningradskiy,87,RU,1567574788,86,9.04,37.02,69.38,178.42
5,Khatanga,29,RU,1567574845,46,14.61,41.88,71.98,102.47
6,Turukhansk,22,RU,1567574881,58,6.33,55.92,65.8,87.96
7,Puerto Ayora,86,EC,1567574792,97,1.99,69.01,-0.74,-90.35
8,Ancud,0,CL,1567574868,80,5.82,35.6,-41.87,-73.83
9,Ayan,0,IR,1567574881,53,5.91,58.44,38.23,44.7
10,Rikitea,100,PF,1567574584,84,14.25,72.66,-23.12,-134.97
11,Dhidhdhoo,100,MV,1567574882,79,12.12,82.02,6.88,73.1
12,Aklavik,75,CA,1567574882,71,3.36,53.6,68.22,-135.01
13,Mar del Plata,6,AR,1567574640,72,3.0,29.82,-46.43,-67.52
14,Bredasdorp,99,ZA,1567574623,93,4.7,54.0,-34.53,20.04
15,Bluff,43,AU,1567574883,12,2.33,86.88,-23.58,149.07
16,Alora,75,ZA,1567574883,93,14.99,59.0,-33.94,18.67
17,Arraial do Cabo,98,BR,1567574883,94,4.36,69.96,-22.97,-42.02
18,Busselton,96,AU,1567574862,39,21.85,60.01,-33.64,115.35
19,Saskylakh,100,RU,1567574884,89,10.4,42.24,71.97,114.09
20,Hobart,40,AU,1567574873,36,14.99,60.8,-42.88,147.33
21,Pundaguitan,100,PH,1567574884,82,11.39,82.02,6.37,126.17
22,Taltal,16,CL,1567574885,85,2.84,45.66,-25.41,-70.49
23,Qaanaaq,1,GL,1567574885,59,5.12,28.38,77.48,-69.36
24,Ler,20,NO,1567574885,87,13.87,48.2,63.2,10.3
25,Mataura,100,NZ,1567574846,85,1.99,52.0,-46.19,168.86
26,Syzran,0,RU,1567574886,71,8.55,58.26,53.16,48.47
27,Vaini,75,IN,1567574634,94,9.17,75.2,15.34,74.49
28,Kurilsk,0,RU,1567574886,82,11.92,60.78,45.23,147.88
29,Port Alfred,97,ZA,1567574830,77,5.01,61.0,-33.59,26.89
30,Pevek,15,RU,1567574887,81,11.61,38.64,69.7,170.27
31,Albany,90,US,1567574840,68,9.17,70.0,42.65,-73.75
32,Hermanus,100,ZA,1567574867,98,1.01,55.0,-34.42,19.24
33,Tarija,59,BO,1567574888,63,4.56,40.98,-21.53,-64.73
34,Nanortalik,100,GL,1567574888,92,5.48,46.74,60.14,-45.24
35,Port Elizabeth,40,US,1567574780,93,4.45,73.0,39.31,-74.98
36,Satipo,73,PE,1567574889,91,1.59,38.82,-11.26,-74.64
37,Cherskiy,81,RU,1567574889,39,3.74,52.32,68.75,161.3
38,Hilo,90,US,1567574621,65,4.7,82.4,19.71,-155.08
39,Coihaique,20,CL,1567574806,74,5.44,30.2,-45.58,-72.07
40,Ferkessedougou,95,CI,1567574890,98,3.78,69.24,9.6,-5.2
41,Norman Wells,75,CA,1567574890,93,4.7,48.2,65.28,-126.83
42,Jamestown,19,AU,1567574701,45,4.65,70.5,-33.21,138.6
43,Qandala,0,SO,1567574891,48,24.29,91.74,11.47,49.87
44,Ushuaia,40,AR,1567574596,64,25.28,37.4,-54.81,-68.31
45,Tecolutla,97,MX,1567574891,96,4.83,61.32,17.31,-98.74
46,Daru,89,PG,1567574856,74,10.33,75.18,-9.07,143.21
47,Kita,75,JP,1567574892,83,10.29,82.99,35.76,139.74
48,Ardesen,20,TR,1567574892,82,14.99,68.0,41.19,40.99
49,Cabras,100,CO,1567574892,95,0.69,57.99,5.5,-75.6
50,Cabedelo,20,BR,1567574893,100,3.36,69.8,-6.97,-34.84
51,Clyde River,90,CA,1567574893,93,6.93,41.0,70.47,-68.59
52,Nikolskoye,90,RU,1567574893,93,4.47,55.99,59.7,30.79
53,Salalah,90,OM,1567574893,94,5.82,78.8,17.01,54.1
54,Glenwood Springs,40,US,1567574894,26,5.82,69.8,39.55,-107.33
55,Tuatapere,100,NZ,1567574894,85,1.99,52.0,-46.13,167.69
56,Qaqortoq,100,GL,1567574894,87,3.36,44.6,60.72,-46.03
57,Punta Arenas,0,CL,1567574888,80,9.17,33.8,-53.16,-70.91
58,Sao Filipe,32,CV,1567574895,84,7.43,80.4,14.9,-24.5
59,General Pico,0,AR,1567574895,74,7.76,31.08,-35.66,-63.75
60,Tuktoyaktuk,20,CA,1567574820,81,6.93,44.6,69.44,-133.03
61,Thompson,90,CA,1567574895,93,4.7,42.8,55.74,-97.86
62,Nizhnetroitskiy,48,RU,1567574896,80,7.87,53.22,54.34,53.68
63,Villa Bruzual,33,VE,1567574896,95,2.93,66.9,9.33,-69.12
64,Garissa,55,KE,1567574897,54,18.5,80.58,-0.46,39.64
65,Masyaf,20,SY,1567574897,65,4.7,80.6,35.06,36.34
66,Yerbogachen,25,RU,1567574897,44,13.02,60.96,61.28,108.01
67,Kamenka,100,MD,1567574897,88,1.01,55.99,48.03,28.7
68,Mujiayingzi,32,CN,1567574898,24,9.75,82.92,42.12,118.78
69,Sayan,20,ID,1567574898,69,12.75,82.4,-8.51,115.24
70,Ribeira Grande,99,PT,1567574886,69,10.09,68.88,38.52,-28.7
71,Raichur,100,IN,1567574898,86,7.27,75.9,16.2,77.36
72,Brae,69,GB,1567574899,93,11.41,51.8,60.4,-1.35
73,Lagoa,0,PT,1567574899,69,5.82,75.0,37.14,-8.45
74,Menongue,15,AO,1567574899,17,2.21,61.5,-14.66,17.68
75,Tasiilaq,100,GL,1567574718,75,6.93,41.0,65.61,-37.64
76,Yellowknife,75,CA,1567574887,75,6.93,46.4,62.45,-114.38
77,Victoria,75,BN,1567574627,74,5.82,89.6,5.28,115.24
78,Shingu,75,JP,1567574900,70,14.99,86.0,33.72,135.99
79,Mount Gambier,75,AU,1567574901,72,13.87,59.0,-37.83,140.78
80,Husavik,8,CA,1567574901,92,8.25,46.0,50.56,-96.99
81,Chokurdakh,33,RU,1567574901,47,5.66,56.1,70.62,147.9
82,Mehamn,0,NO,1567574901,71,20.8,51.8,71.03,27.85
83,Klaksvik,100,FO,1567574902,70,24.16,46.4,62.23,-6.59
84,Barrow,2,AR,1567574857,79,8.52,33.96,-38.31,-60.23
85,Nouadhibou,95,MR,1567574902,61,14.99,77.0,20.93,-17.03
86,Kapaa,40,US,1567574903,69,11.41,82.4,22.08,-159.32
87,Pisco,90,PE,1567574903,30,9.17,71.6,-13.71,-76.2
88,Kodiak,75,US,1567574903,83,6.93,75.2,39.95,-94.76
89,Wuda,0,CN,1567574904,37,20.47,78.42,39.5,106.72
90,Souillac,0,FR,1567574904,81,4.45,54.0,45.6,-0.6
91,Huarmey,1,PE,1567574904,93,8.59,59.7,-10.07,-78.15
92,Pimenteiras,32,BR,1567574905,77,7.29,71.22,-6.24,-41.42
93,Port Lincoln,59,AU,1567574905,81,10.58,58.44,-34.72,135.86
94,Novoagansk,100,RU,1567574905,79,4.54,53.04,61.94,76.66
95,Shubarshi,71,KZ,1567574757,46,8.03,60.42,48.59,57.19
96,Takoradi,54,GH,1567574906,93,2.08,73.38,4.89,-1.75
97,Anloga,40,GH,1567574651,94,9.17,77.0,5.79,0.9
98,Teknaf,93,BD,1567574907,83,23.15,83.64,20.86,92.31
99,Atuona,0,PF,1567574901,77,14.65,79.14,-9.8,-139.03
100,Lebu,40,ET,1567574662,100,4.7,60.8,8.96,38.73
101,Carutapera,86,BR,1567574908,78,8.77,79.5,-1.2,-46.02
102,Yumen,27,CN,1567574877,15,13.58,88.5,40.29,97.04
103,Ngunguru,98,NZ,1567574908,86,14.0,60.01,-35.62,174.5
104,Port Blair,100,IN,1567574908,81,24.94,82.38,11.67,92.75
105,Carnarvon,68,ZA,1567574909,14,1.9,58.62,-30.97,22.13
106,Kavieng,81,PG,1567574909,74,9.86,83.64,-2.57,150.8
107,Tautira,40,PF,1567574909,83,5.82,77.0,-17.73,-149.15
108,East London,0,ZA,1567574738,71,11.41,57.2,-33.02,27.91
109,Mahenge,49,TZ,1567574910,56,4.03,77.52,-8.68,36.72
110,Naze,75,NG,1567574893,94,3.04,75.2,5.43,7.07
111,Mahebourg,40,MU,1567574618,69,11.41,75.99,-20.41,57.7
112,Airai,84,TL,1567574910,48,6.98,80.04,-8.93,125.41
113,Xapuri,69,BR,1567574911,91,1.59,70.68,-10.65,-68.5
114,Villa Union,3,BO,1567574911,72,1.72,76.26,-10.79,-65.46
115,Acapulco,75,MX,1567574911,79,3.36,84.2,16.86,-99.88
116,Hun,40,BE,1567574912,93,6.93,55.4,50.34,4.87
117,Nam Phong,75,TH,1567574912,83,4.7,82.4,16.71,102.87
118,Peniche,0,PT,1567574912,87,2.24,73.4,39.36,-9.38
119,Isangel,20,VU,1567574913,57,5.82,77.0,-19.55,169.27
120,Vila Velha,75,BR,1567574913,74,18.34,78.8,-3.71,-38.6
121,Petit Goave,0,HT,1567574913,78,9.17,82.0,18.43,-72.87
122,Synya,10,RU,1567574914,55,4.38,57.72,65.37,58.04
123,Flinders,0,AU,1567574675,14,17.22,82.0,-34.58,150.85
124,Haines Junction,75,CA,1567574914,86,3.56,39.54,60.75,-137.51
125,Stokmarknes,75,NO,1567574914,81,12.75,51.8,68.56,14.91
126,Nerchinskiy Zavod,88,RU,1567574915,63,6.58,74.28,51.31,119.61
127,Gangarampur,100,IN,1567574915,56,9.64,93.72,25.41,88.52
128,Portland,75,US,1567574801,93,3.36,63.0,43.66,-70.25
129,Abu Kamal,0,SY,1567574915,36,13.73,85.26,34.45,40.92
130,Dwarka,75,IN,1567574916,79,6.93,90.0,28.58,77.04
131,Marquette,90,US,1567574916,87,10.29,55.0,46.54,-87.4
132,Vardo,1,US,1567574916,94,3.65,71.01,39.62,-77.74
133,Doka,80,SD,1567574917,83,9.57,78.42,13.52,35.76
134,Bartica,20,GY,1567574917,100,2.24,75.2,6.41,-58.62
135,Evensk,41,RU,1567574917,45,6.67,54.12,61.92,159.24
136,Araouane,94,ML,1567574917,33,2.98,93.72,18.9,-3.53
137,Hithadhoo,7,MV,1567574773,76,10.42,83.64,-0.6,73.08
138,Kloulklubed,90,PW,1567574918,78,16.11,82.4,7.04,134.26
139,Upernavik,0,GL,1567574918,62,2.8,36.84,72.79,-56.15
140,Saint-Philippe,75,CA,1567574902,82,4.7,64.4,45.36,-73.48
141,Allada,40,BJ,1567574919,88,11.41,78.8,6.67,2.15
142,Ghanzi,0,BW,1567574919,32,7.18,62.04,-21.7,21.65
143,Longonjo,39,AO,1567574919,34,4.03,62.22,-12.91,15.25
144,Dikson,95,RU,1567574919,87,8.68,41.52,73.51,80.55
145,Torbay,90,CA,1567574726,100,14.99,64.0,47.66,-52.73
146,New Norfolk,40,AU,1567574917,36,14.99,60.8,-42.78,147.06
147,Lorengau,100,PG,1567574920,81,13.13,80.76,-2.02,147.27
148,Ryotsu,99,JP,1567574775,74,11.41,78.8,38.08,138.43
149,Mangrol,20,IN,1567574921,79,2.24,86.0,25.33,76.51
150,Muncar,21,ID,1567574921,53,7.31,82.38,-8.43,114.34
151,Gudari,100,IN,1567574921,78,3.62,81.48,19.34,83.79
152,Balikpapan,8,ID,1567574921,43,5.46,89.94,-1.24,116.86
153,Longyearbyen,75,NO,1567574922,80,1.12,33.8,78.22,15.63
154,Aykhal,75,RU,1567574923,57,2.24,51.8,65.95,111.51
155,Aswan,0,EG,1567574639,30,4.7,82.4,24.09,32.9
156,Zakamensk,100,RU,1567574923,62,2.48,65.82,50.38,103.29
157,Saldanha,0,PT,1567574923,45,2.3,64.74,41.42,-6.55
158,Gouyave,100,GD,1567574924,78,18.48,82.92,12.16,-61.73
159,Katsuura,75,JP,1567574924,79,17.22,86.0,33.93,134.5
160,Manokwari,97,ID,1567574683,75,1.7,77.52,-0.87,134.08
161,Georgetown,20,GY,1567574669,100,2.24,75.2,6.8,-58.16
162,Mendoza,0,AR,1567574753,40,3.33,37.4,-32.89,-68.84
163,Dunedin,84,NZ,1567574626,82,13.0,51.01,-45.87,170.5
164,Provideniya,90,RU,1567574920,81,2.24,53.6,64.42,-173.23
165,Miraflores,20,PE,1567574925,43,0.94,55.4,-16.39,-71.52
166,Luanda,75,AO,1567574925,94,8.05,71.6,-8.83,13.24
167,Macheng,24,CN,1567574926,61,9.31,81.3,31.18,115.03
168,Pontianak,74,ID,1567574926,75,18.88,81.84,-0.02,109.34
169,Ayolas,2,PY,1567574926,82,7.56,49.8,-27.39,-56.84
170,Lexington,1,US,1567574667,73,3.36,72.0,38.05,-84.5
171,Almaznyy,0,RU,1567574927,55,2.24,64.4,48.03,40.04
172,Marystown,95,CA,1567574927,98,5.84,61.5,47.17,-55.16
173,Altamira,65,BR,1567574928,99,2.62,71.76,-3.2,-52.21
174,Ziro,75,IN,1567574928,89,2.24,84.2,27.54,93.82
175,Egvekinot,100,RU,1567574916,92,14.74,35.4,66.32,-179.17
176,Dingle,100,PH,1567574826,72,12.46,85.62,11.0,122.67
177,Kaitangata,100,NZ,1567574919,60,3.0,53.01,-46.28,169.85
178,Juneau,75,US,1567574796,93,5.82,53.6,58.3,-134.42
179,Luderitz,51,NA,1567574929,81,4.7,53.6,-26.65,15.16
180,Rawson,14,AR,1567574929,78,12.77,31.98,-43.3,-65.11
181,Butaritari,74,KI,1567574861,68,2.48,84.18,3.07,172.79
182,Sungaipenuh,94,ID,1567574930,58,5.32,88.14,-2.08,101.38
183,Susehri,0,TR,1567574930,63,3.4,56.46,40.16,38.09
184,Hamilton,90,CA,1567574772,78,14.99,77.0,43.26,-79.87
185,Liverpool,40,GB,1567574668,87,18.34,59.0,53.41,-2.98
186,Iguape,100,BR,1567574931,98,3.67,62.76,-24.7,-47.56
187,Buenos Aires,0,AR,1567574873,52,4.7,44.6,-34.61,-58.44
188,Morro Bay,1,US,1567574931,77,4.7,75.2,35.37,-120.85
189,Hasaki,75,JP,1567574932,83,10.29,77.0,35.73,140.83
190,Gao,82,ML,1567574932,53,14.25,84.9,16.28,-0.04
191,Maine-Soroa,15,NE,1567574932,51,9.15,82.92,13.21,12.02
192,Shihezi,1,CN,1567574932,14,11.63,90.48,44.3,86.03
193,Marsaxlokk,20,MT,1567574933,83,9.17,75.99,35.84,14.54
194,North Bend,1,US,1567574933,93,4.7,60.8,43.41,-124.22
195,Qasigiannguit,100,GL,1567574933,57,12.75,48.2,68.82,-51.19
196,Narsaq,100,GL,1567574770,87,3.36,44.6,60.91,-46.05
197,Bandarbeyla,0,SO,1567574836,38,33.96,89.22,9.49,50.81
198,Fort Nelson,75,CA,1567574934,87,8.05,60.8,58.81,-122.69
199,Aksu,0,KZ,1567574934,58,8.95,59.0,52.04,76.93
200,Shahrud,3,IR,1567574935,42,2.35,56.46,36.42,54.97
201,Berlevag,0,NO,1567574935,71,20.8,51.8,70.86,29.09
202,Muvattupula,75,IN,1567574936,83,9.17,80.6,9.97,76.58
203,Marovoay,20,MG,1567574936,53,11.41,77.0,-16.11,46.64
204,Meulaboh,100,ID,1567574936,76,8.21,82.56,4.14,96.13
205,Luganville,20,VU,1567574937,57,8.05,77.0,-15.51,167.18
206,Deep River,90,CA,1567574937,93,7.14,59.0,46.1,-77.49
207,Amurzet,63,CN,1567574937,81,8.03,71.94,47.69,131.09
208,Tiksi,90,RU,1567574938,74,7.65,46.2,71.64,128.87
209,Nome,1,US,1567574857,88,4.21,82.0,30.04,-94.42
210,Adrar,58,DZ,1567574879,33,11.41,86.0,27.87,-0.29
211,Camacha,75,PT,1567574938,73,16.11,71.6,33.08,-16.33
212,Touros,40,BR,1567574939,94,3.36,71.6,-5.2,-35.46
213,Flin Flon,64,CA,1567574939,89,3.96,46.2,54.77,-101.88
214,Capim Grosso,92,BR,1567574939,92,4.9,65.1,-11.38,-40.01
215,Inhambane,20,MZ,1567574939,93,6.44,60.8,-23.87,35.38
216,Chingola,0,ZM,1567574940,52,9.95,68.88,-12.55,27.86
217,Kruisfontein,1,ZA,1567574731,73,11.32,55.2,-34.0,24.73
218,Koutiala,32,ML,1567574940,93,6.55,72.66,12.39,-5.46
219,Moron,5,HT,1567574940,80,4.81,80.04,18.56,-74.26
220,Coquimbo,90,CL,1567574935,93,6.93,50.0,-29.95,-71.34
221,Huanuco,75,PE,1567574941,87,0.87,41.34,-9.93,-76.24
222,Miandrivazo,54,MG,1567574941,33,3.2,85.8,-19.53,45.46
223,Vaitape,10,PF,1567574806,84,21.9,78.06,-16.52,-151.75
224,Angoche,87,MZ,1567574942,62,7.16,76.62,-16.23,39.91
225,Luwuk,44,ID,1567574653,51,4.27,78.06,-0.95,122.79
226,Northam,75,AU,1567574942,55,17.22,60.8,-31.65,116.67
227,Darnah,0,LY,1567574943,81,12.12,78.42,32.77,22.64
228,Mehriz,0,IR,1567574943,22,6.93,80.6,31.58,54.44
229,Gat,20,SN,1567574943,94,9.17,80.6,14.69,-16.54
230,Okhotsk,36,RU,1567574943,70,10.6,60.6,59.36,143.24
231,Guiratinga,3,BR,1567574944,53,1.83,72.12,-16.35,-53.76
232,Saint-Joseph,20,FR,1567574852,82,4.7,73.4,43.56,6.97
233,Labuhan,0,ID,1567574944,27,3.78,96.06,-2.54,115.51
234,Winfield,1,US,1567574885,83,3.36,80.01,37.24,-97.0
235,Galle,100,GN,1567574945,97,4.03,70.68,10.08,-12.83
236,Kayerkan,75,RU,1567574945,81,6.71,48.2,69.35,87.76
237,Gulabpura,18,IN,1567574945,62,9.98,89.22,25.91,74.66
238,Nampula,75,MZ,1567574946,93,11.41,66.2,-15.12,39.26
239,Kivsharivka,48,UA,1567574946,39,2.08,74.82,49.63,37.68
240,Antofagasta,90,CL,1567574946,82,4.7,55.4,-23.65,-70.4
241,Aitape,82,PG,1567574947,65,6.58,84.36,-3.15,142.36
242,Laguna,40,BZ,1567574871,94,2.15,78.8,16.17,-88.94
243,Kajaani,0,FI,1567574947,93,3.36,50.0,64.22,27.73
244,Karratha,0,AU,1567574948,13,9.73,89.58,-20.74,116.85
245,Ponta do Sol,31,BR,1567574894,56,5.37,67.08,-20.63,-46.0
246,Saint George,0,GR,1567574948,67,2.93,73.99,39.45,22.34
247,Rudnogorsk,94,RU,1567574948,56,6.33,66.36,57.27,103.75
248,Srednekolymsk,8,RU,1567574949,30,9.08,60.24,67.46,153.71
249,Bridlington,96,GB,1567574949,93,6.93,57.2,54.08,-0.19
250,Danilov,0,RU,1567574949,87,2.24,51.8,58.19,40.17
251,Hervey Bay,0,AU,1567574950,20,10.29,89.6,-25.3,152.85
252,Jingdezhen,5,CN,1567574950,52,4.9,88.32,29.29,117.2
253,Mutoko,24,ZW,1567574950,55,2.15,65.46,-17.4,32.23
254,Radcliff,1,US,1567574869,94,4.59,77.0,37.84,-85.95
255,Taoudenni,41,ML,1567574951,21,9.35,95.16,22.68,-3.98
256,Sitka,0,US,1567574668,60,11.99,75.99,37.17,-99.65
257,Hofn,22,IS,1567574951,78,11.52,29.28,64.25,-15.21
258,Vanimo,41,PG,1567574952,68,7.81,83.28,-2.67,141.3
259,Mosquera,75,CO,1567574952,67,3.36,57.2,4.71,-74.23
260,Lompoc,75,US,1567574952,87,3.36,66.99,34.64,-120.46
261,Bathsheba,40,BB,1567574914,74,18.34,82.4,13.22,-59.52
262,Faanui,10,PF,1567574696,84,21.9,78.06,-16.48,-151.75
263,Thunder Bay,90,CA,1567574953,87,4.7,50.0,48.41,-89.26
264,Krasnoarmeysk,0,RU,1567574954,72,8.95,63.0,56.12,38.15
265,Xining,44,CN,1567574954,51,6.51,73.99,36.62,101.77
266,Gazli,26,UZ,1567574954,21,12.71,79.5,40.13,63.45
267,Mnogovershinnyy,42,RU,1567574850,50,15.19,69.6,53.94,139.92
268,Port Hardy,90,CA,1567574955,82,4.7,57.2,50.7,-127.42
269,Ilirska Bistrica,0,SI,1567574955,40,3.36,71.01,45.57,14.24
270,Chongwe,0,ZM,1567574955,58,10.25,64.38,-15.33,28.68
271,Muros,0,ES,1567574956,93,4.7,64.99,42.77,-9.06
272,Avarua,52,CK,1567574829,64,13.87,71.6,-21.21,-159.78
273,Bako,30,BF,1567574956,85,7.25,73.56,12.29,-0.73
274,Benjamin Constant,75,BR,1567574957,100,2.24,77.0,-4.38,-70.03
275,Faya,75,SA,1567574834,35,2.46,73.4,18.39,42.45
276,Bambous Virieux,40,MU,1567574957,69,11.41,75.99,-20.34,57.76
277,Nisia Floresta,75,BR,1567574958,88,5.82,71.6,-6.09,-35.21
278,Abilene,1,US,1567574908,44,8.05,81.0,32.45,-99.73
279,Raudeberg,75,NO,1567574958,71,8.05,51.8,61.99,5.14
280,Nuuk,100,GL,1567574958,100,13.87,41.0,64.17,-51.74
281,Kieta,99,PG,1567574959,70,5.17,83.82,-6.22,155.63
282,Gushikawa,40,JP,1567574959,79,21.92,89.6,26.35,127.87
283,Tabas,0,IR,1567574959,23,2.24,87.8,33.6,56.92
284,Panguna,100,PG,1567574960,83,19.8,80.76,-6.32,155.48
285,Nadym,76,RU,1567574960,64,4.7,55.92,65.53,72.51
286,Ngaoundere,100,CM,1567574960,98,3.78,64.92,7.32,13.58
287,Cap Malheureux,40,MU,1567574960,69,11.41,75.99,-19.98,57.61
288,Slidell,1,US,1567574699,88,2.73,84.0,30.28,-89.78
289,Xuddur,11,SO,1567574708,54,22.46,80.76,4.12,43.89
290,La Palma,83,CO,1567574961,95,2.98,67.8,5.36,-74.39
291,Aldan,59,RU,1567574961,45,8.05,63.66,58.61,125.39
292,Billings,1,US,1567574962,35,8.19,73.4,45.79,-108.5
293,Sistranda,40,NO,1567574962,81,4.7,51.01,63.73,8.83
294,Yueyang,0,CN,1567574962,47,8.95,87.42,29.36,113.12
295,Elko,1,US,1567574963,30,4.05,69.8,40.83,-115.76
296,Dauphin,1,CA,1567574963,87,9.17,51.8,51.15,-100.04
297,Malibu,5,MX,1567574963,83,3.36,75.2,16.77,-93.16
298,Aljezur,7,PT,1567574964,76,7.54,75.0,37.31,-8.8
299,Kontagora,100,NG,1567574964,93,2.89,74.64,10.4,5.47
300,Pacifica,90,US,1567574929,87,5.82,64.0,37.61,-122.49
301,Chebsara,20,RU,1567574964,82,2.24,57.2,59.2,38.84
302,Chapleau,100,CA,1567574965,98,11.79,49.08,47.85,-83.4
303,Carman,1,CA,1567574965,100,6.69,48.2,49.51,-98.0
304,Manati,75,AL,1567574966,88,2.24,71.6,41.76,19.67
305,Constitucion,70,MX,1567574768,78,6.71,52.86,23.99,-104.67
306,Majene,0,ID,1567574966,73,16.44,80.04,-3.54,118.97
307,The Colony,1,US,1567574914,58,3.36,84.99,33.09,-96.89
308,Yulara,0,AU,1567574967,4,12.75,89.6,-25.24,130.99
309,Nemuro,20,JP,1567574967,46,5.82,73.4,43.32,145.57
310,Srandakan,8,ID,1567574967,81,15.79,74.1,-7.94,110.25
311,Sola,71,TZ,1567574892,47,10.25,73.02,-3.17,33.8
312,San Patricio,32,PY,1567574968,85,8.03,50.7,-26.98,-56.83
313,Arecibo,14,PR,1567574968,87,8.34,82.0,18.47,-66.72
314,Porto Novo,75,BR,1567574968,93,5.82,64.4,-23.68,-45.44
315,Linxia,0,CN,1567574768,39,6.87,73.56,35.6,103.21
316,Bethel,75,US,1567574885,76,20.8,53.6,60.79,-161.76
317,Jumla,97,NP,1567574969,52,5.23,71.76,29.28,82.18
318,Palmer,0,AU,1567574958,72,5.82,66.0,-34.85,139.16
319,Kassala,87,SD,1567574970,51,13.44,89.04,15.45,36.38
320,Pouembout,0,NC,1567574970,68,15.61,69.24,-21.12,164.9
321,Ust-Nera,100,RU,1567574970,84,4.97,44.76,64.57,143.24
322,Lac du Bonnet,6,CA,1567574971,95,7.07,46.0,50.25,-96.06
323,Samarai,21,PG,1567574853,67,10.13,74.1,-10.62,150.67
324,Quzhou,80,CN,1567574971,67,1.86,86.34,28.97,118.86
325,Kamwenge,98,UG,1567574971,79,2.77,71.4,0.19,30.45
326,Limbang,75,BN,1567574972,70,6.93,89.6,4.75,115.01
327,Avera,1,US,1567574908,78,4.54,77.0,33.19,-82.53
328,Uyuni,25,BO,1567574972,47,12.12,40.08,-20.46,-66.82
329,Eureka,1,US,1567574742,87,8.37,63.0,40.8,-124.16
330,Nidzica,0,PL,1567574972,77,9.6,56.46,53.36,20.43
331,Champerico,5,MX,1567574973,83,3.36,75.2,16.38,-93.6
332,Lokosovo,100,RU,1567574973,90,7.31,50.88,61.13,74.84
333,Vasto,10,IT,1567574973,77,5.82,68.0,42.12,14.71
334,Tahe,100,CN,1567574974,89,4.32,66.36,52.34,124.71
335,Natal,75,BR,1567574974,88,5.82,71.6,-5.81,-35.21
336,Chernyshevskiy,100,RU,1567574974,79,7.92,54.12,63.01,112.47
337,Cooma,53,AU,1567574974,9,17.22,64.4,-36.24,149.13
338,Ugoofaaru,100,MV,1567574975,73,8.1,82.92,5.67,73.0
339,Biak,44,ID,1567574975,51,4.27,78.06,-0.91,122.88
340,Imbituba,40,BR,1567574975,82,4.7,59.0,-28.24,-48.67
341,Namibe,21,AO,1567574976,82,3.0,63.84,-15.19,12.15
342,Gravdal,75,NO,1567574976,87,17.22,52.0,59.79,5.78
343,Hornepayne,100,CA,1567574976,86,8.01,44.58,49.22,-84.78
344,Chuy,0,UY,1567574912,65,11.65,41.34,-33.69,-53.46
345,Walvis Bay,0,NA,1567574977,95,3.0,52.0,-22.95,14.51
346,Tilichiki,73,RU,1567574977,55,2.84,56.1,60.47,166.1
347,La Ronge,75,CA,1567574977,100,4.21,51.8,55.1,-105.3
348,Marsa Matruh,0,EG,1567574978,83,5.82,77.0,31.35,27.25
349,Sisimiut,95,GL,1567574978,82,19.51,42.6,66.94,-53.67
350,Margate,40,AU,1567574978,36,14.99,60.8,-43.03,147.26
351,Pindiga,100,NG,1567574979,90,7.31,74.1,9.98,10.93
352,Allende,51,MX,1567574979,49,11.86,82.74,28.34,-100.85
353,Seoul,90,KR,1567574911,106,3.36,82.4,37.57,126.98
354,Noumea,90,NC,1567574980,60,11.41,75.0,-22.28,166.46
355,Palu,13,ID,1567574980,68,9.24,83.82,-0.9,119.87
356,Itagi,32,BR,1567574980,98,3.15,60.96,-14.16,-40.01
357,Saint-Francois,0,FR,1567574980,100,2.89,42.8,46.42,3.91
358,Cochrane,0,CL,1567574981,88,5.19,22.62,-47.25,-72.57
359,Chimoio,75,MZ,1567574981,93,1.36,62.6,-19.11,33.48
360,Crossville,1,US,1567574981,93,1.77,72.0,35.95,-85.03
361,Sampit,7,ID,1567574981,31,7.45,93.36,-2.54,112.95
362,Goderich,28,CA,1567574982,65,1.99,72.0,43.74,-81.71
363,College,20,US,1567574982,67,8.05,57.2,64.86,-147.8
364,Necochea,84,AR,1567574982,70,15.99,43.0,-38.55,-58.74
365,Corinto,40,CO,1567574983,83,6.93,71.6,3.17,-76.26
366,Westport,1,US,1567574983,88,3.33,68.0,41.14,-73.36
367,Whitehorse,75,CA,1567574708,44,4.7,59.0,60.72,-135.06
368,Victor Harbor,0,AU,1567574983,72,5.82,64.0,-35.55,138.62
369,Henties Bay,0,NA,1567574984,95,3.0,52.0,-22.12,14.28
370,Iqaluit,90,CA,1567574920,86,17.22,41.0,63.75,-68.52
371,Lewiston,90,US,1567574984,100,5.82,63.0,44.1,-70.21
372,Iralaya,100,HN,1567574984,93,1.79,76.44,15.0,-83.23
373,Launceston,75,AU,1567574985,67,16.11,59.0,-41.43,147.14
374,Alpena,20,US,1567574834,68,12.75,64.4,45.06,-83.43
375,Vila Franca do Campo,75,PT,1567574985,68,3.36,71.01,37.72,-25.43
376,Namatanai,98,PG,1567574986,83,13.82,79.68,-3.66,152.44
377,Beringovskiy,100,RU,1567574855,91,5.37,41.34,63.05,179.32
378,Lulea,0,SE,1567574986,93,3.36,48.2,65.58,22.15
379,Bereda,0,ES,1567574986,87,4.09,63.0,43.27,-7.54
380,Ahipara,69,NZ,1567574828,100,9.28,59.0,-35.17,173.16
381,Beni Suef,0,EG,1567574987,58,9.37,78.42,29.07,31.1
382,Oussouye,0,SN,1567574987,94,4.7,80.6,12.49,-16.54
383,Edd,10,ER,1567574987,33,2.84,95.7,13.93,41.69
384,Mogzon,100,RU,1567574988,67,3.0,64.2,51.74,111.97
385,Jacksonville,75,US,1567574771,74,24.16,84.2,30.33,-81.66
386,Mackay,90,CA,1567574988,82,9.17,64.4,53.65,-115.58
387,Bontang,53,ID,1567574989,37,3.49,95.34,0.12,117.47
388,Biloela,9,AU,1567574989,12,10.47,86.16,-24.4,150.51
389,Znamenskoye,74,RU,1567574989,71,3.06,57.0,57.13,73.82
390,Mut,0,TR,1567574990,47,3.62,71.4,36.64,33.44
391,Sayyan,0,YE,1567574884,35,2.44,81.48,15.17,44.32
392,Te Anau,100,NZ,1567574990,80,1.19,47.64,-45.41,167.72
393,Talnakh,75,RU,1567574781,81,6.71,48.2,69.49,88.39
394,Natchez,1,US,1567574991,94,3.78,75.2,31.56,-91.4
395,San Ramon,91,NI,1567574991,96,3.6,64.92,12.92,-85.84
396,Fortuna,90,US,1567574971,87,6.93,63.0,40.6,-124.16
397,Geraldton,75,CA,1567574935,75,6.93,46.4,49.72,-86.95
398,Narok,79,KE,1567574992,78,10.6,61.5,-1.09,35.87
399,Boromo,17,BF,1567574992,87,7.23,73.2,11.74,-2.93
400,Myitkyina,70,MM,1567574876,58,2.57,88.86,25.38,97.4
401,Zyryanovsk,92,KZ,1567574993,44,4.99,60.78,49.74,84.27
402,Altay,33,CN,1567574993,32,12.68,66.54,47.83,88.13
403,Huicheng,40,CN,1567574993,62,11.18,89.6,23.03,116.29
404,Maniitsoq,100,GL,1567574963,81,19.04,41.7,65.42,-52.9
405,Kudahuvadhoo,100,MV,1567574994,71,7.61,83.82,2.67,72.89
406,Port-Gentil,95,GA,1567574994,84,14.36,75.72,-0.72,8.78
407,Kangavar,0,IR,1567574994,28,2.24,73.4,34.5,47.96
408,Dzhebariki-Khaya,60,RU,1567574994,81,8.41,56.46,62.22,135.8
409,Oyonnax,0,FR,1567574995,93,2.24,55.0,46.26,5.66
410,Marzuq,16,YE,1567574995,17,2.1,88.5,14.4,46.47
411,Varhaug,75,NO,1567574995,87,16.11,55.0,58.61,5.65
412,Esperance,75,AU,1567574996,50,26.4,57.2,-33.86,121.89
413,Aanekoski,0,FI,1567574996,93,1.12,48.0,62.6,25.73
414,Makuyuni,99,TZ,1567574996,67,5.7,72.84,-5.02,38.33
415,Olavarria,0,AR,1567574996,77,3.0,35.01,-36.89,-60.32
416,Atar,20,MR,1567574997,37,7.67,90.3,20.52,-13.05
417,Cortes,96,PH,1567574997,66,6.38,84.9,9.28,126.19
418,Lasa,20,CY,1567574966,69,6.93,77.0,34.92,32.53
419,Paratinga,0,BR,1567574998,65,1.59,65.46,-12.69,-43.18
420,Lima,90,PE,1567574998,87,10.29,60.8,-12.06,-77.04
421,Porecatu,0,BR,1567574998,82,4.7,68.0,-22.75,-51.38
422,Zaozerne,42,UA,1567574999,76,2.95,55.92,51.37,23.94
423,Rio Gallegos,0,AR,1567574999,86,8.05,28.4,-51.62,-69.22
424,Stephenville,40,CA,1567574999,93,3.36,57.2,48.55,-58.59
425,Wanning,20,AT,1567574999,100,2.24,53.01,48.64,13.53
426,Hualmay,53,PE,1567575000,89,8.63,60.42,-11.1,-77.61
427,Svetlogorsk,90,RU,1567575000,93,11.18,50.0,53.14,59.15
428,Pacific Grove,1,US,1567574889,77,8.05,68.0,36.62,-121.92
429,San-Pedro,98,CI,1567575001,99,1.79,70.14,4.75,-6.64
430,Nowy Sacz,20,PL,1567574776,87,9.17,60.01,49.62,20.7
431,Karatau,82,KZ,1567575001,18,14.9,76.98,43.18,70.46
432,Eslov,46,SE,1567575001,93,5.82,61.0,55.84,13.3
433,Jerantut,84,MY,1567575002,53,1.97,91.56,3.94,102.37
434,Nagua,17,DO,1567575003,95,3.2,74.1,19.37,-69.85
435,Fairbanks,40,US,1567574782,71,4.7,60.8,64.84,-147.72
436,Cabo San Lucas,1,MX,1567575005,79,3.6,81.0,22.89,-109.91
437,Boysun,48,UZ,1567575005,28,11.79,69.24,38.2,67.2
438,Poronaysk,22,RU,1567574942,49,3.89,71.76,49.22,143.1
439,Neuquen,0,AR,1567575006,35,6.93,41.0,-38.95,-68.06
440,Tokur,100,RU,1567575007,81,10.31,64.02,53.13,132.9
441,Ust-Kalmanka,34,RU,1567575007,34,6.2,64.2,52.12,83.31
442,Yuli,20,CN,1567575007,65,3.2,83.46,24.82,106.77
443,Deputatskiy,98,RU,1567574850,42,19.55,53.4,69.3,139.9
444,Khor,13,RU,1567575008,73,10.02,73.92,47.88,134.96
445,Ilhabela,74,BR,1567575010,92,9.35,68.16,-23.78,-45.36
446,Chicama,90,PE,1567575011,88,9.17,62.6,-7.84,-79.15
447,Ostrovnoy,98,RU,1567574975,68,15.46,56.46,68.05,39.51
448,Chapulhuacan,100,MX,1567575013,98,2.01,62.4,21.17,-98.9
449,Lavrentiya,88,RU,1567575014,95,4.43,43.5,65.58,-170.99
450,Lodhikheda,90,IN,1567574738,94,10.27,78.8,21.58,78.83
451,Concepcion del Oro,100,MX,1567575015,63,3.22,63.66,24.63,-101.42
452,Mayo,75,CA,1567574742,62,2.24,55.4,63.59,-135.9
453,Konevo,0,BG,1567575015,41,3.0,78.01,41.67,25.61
454,Marakkanam,90,IN,1567575015,70,6.93,87.8,12.2,79.95
455,Weyburn,17,CA,1567575016,82,4.0,53.01,49.67,-103.85
456,Anadyr,75,RU,1567574614,81,6.71,46.4,64.73,177.51
457,Porto Empedocle,0,IT,1567575016,75,3.49,69.01,37.29,13.53
458,Ludvika,0,SE,1567575016,100,4.7,51.01,60.15,15.18
459,Hami,0,CN,1567575017,17,5.95,90.12,42.84,93.51
460,Ergani,0,TR,1567575017,33,4.7,78.8,38.27,39.76
461,Barcelona,0,ES,1567574785,72,12.75,73.0,41.38,2.18
462,Uttaradit,20,TH,1567575018,70,3.36,95.0,17.63,100.1
463,Ternate,40,PH,1567575018,66,13.87,90.0,14.29,120.72
464,Nelson Bay,0,AU,1567574952,44,13.87,75.2,-32.72,152.14
465,Aksarka,100,RU,1567574933,87,1.97,50.88,66.56,67.8
466,Smithers,75,CA,1567575018,77,11.41,59.0,54.78,-127.17
467,Kendari,49,ID,1567574964,66,5.39,82.92,-3.99,122.52
468,Itapora,18,BR,1567575019,77,6.29,63.66,-22.08,-54.79
469,Nishihara,75,JP,1567575019,78,5.82,82.99,35.74,139.53
470,Ituacu,0,BR,1567575019,90,4.79,63.48,-13.81,-41.3
471,Brumado,0,BR,1567575020,82,6.26,65.64,-14.2,-41.67
472,Pahrump,1,US,1567575020,22,3.36,89.6,36.21,-115.98
473,Komsomolskiy,62,RU,1567575020,56,8.05,56.64,67.55,63.78
474,Sagaing,75,MM,1567575021,127,6.93,69.8,21.88,95.98
475,Peterhead,0,AU,1567575021,72,3.36,66.0,-34.83,138.5
476,Kinablangan,99,PH,1567575021,77,4.21,81.12,7.69,126.55
477,Najran,0,SA,1567575022,15,3.36,87.8,17.54,44.22
478,Pindwara,61,IN,1567575022,66,4.59,87.96,24.79,73.05
479,Hibbing,90,US,1567574735,93,5.82,53.6,47.43,-92.94
480,Gamba,100,CN,1567575023,68,9.66,47.1,28.28,88.52
481,Nayoro,0,JP,1567575018,60,8.48,67.44,44.36,142.46
482,Roald,0,NO,1567575023,81,11.41,48.2,62.58,6.12
483,Saint Simons,90,US,1567575024,88,16.11,82.99,31.14,-81.39
484,Yenagoa,100,NG,1567575024,92,3.06,74.82,4.92,6.26
485,Itoman,40,JP,1567575024,79,21.92,89.6,26.12,127.67
486,Kosh-Agach,94,RU,1567575025,37,6.53,57.0,49.99,88.66
487,Plouzane,90,FR,1567575025,93,11.41,60.01,48.38,-4.62
488,Ceyhan,20,TR,1567575025,78,4.7,82.4,37.03,35.82
489,Caravelas,13,BR,1567574968,94,7.52,70.86,-17.73,-39.27
490,Ginda,90,IN,1567575026,83,3.33,82.4,30.69,78.49
491,Tianpeng,1,CN,1567575026,54,8.84,86.34,28.88,112.34
492,Gayny,11,RU,1567575026,62,1.68,62.22,60.3,54.33
493,Ikom,99,NG,1567575026,98,2.04,73.02,5.96,8.72
494,Amga,30,RU,1567575027,52,9.6,61.32,60.89,131.98
495,Sao Joao da Barra,9,BR,1567575027,94,1.66,67.98,-21.64,-41.05
496,Sur,95,OM,1567575027,30,4.14,96.42,22.57,59.53
497,Tiarei,40,PF,1567575028,83,5.82,77.0,-17.53,-149.33
498,Tessalit,35,ML,1567575028,33,7.94,88.86,20.2,1.01
499,Eregli,0,TR,1567575028,38,1.77,74.28,37.51,34.05
500,Mount Pleasant,1,US,1567574837,83,3.47,78.8,33.16,-94.97
501,Sabzevar,0,IR,1567575029,41,6.93,77.0,36.21,57.68
502,Padang,100,ID,1567575029,83,13.58,81.66,-0.92,100.36
503,Severo-Kurilsk,100,RU,1567574770,96,14.72,49.62,50.68,156.12
504,Temple,1,US,1567575029,54,8.05,82.4,31.1,-97.34
505,Manzhouli,0,CN,1567575030,38,15.97,80.04,49.6,117.43
506,Bodden Town,100,KY,1567575030,83,1.01,82.99,19.28,-81.25
507,Batangafo,100,CF,1567575030,98,5.06,71.22,7.3,18.29
508,Mus,0,FR,1567575031,54,5.82,66.0,43.74,4.2
509,Mount Isa,2,AU,1567575031,11,11.41,89.6,-20.73,139.49
510,Saint Anthony,1,US,1567574790,28,6.93,71.6,43.97,-111.68
511,Queimadas,20,BR,1567575031,100,4.7,68.0,-7.36,-35.9
512,Bilibino,0,RU,1567575032,39,3.6,45.3,68.06,166.44
513,Yar-Sale,100,RU,1567574986,84,6.4,52.86,66.83,70.83
514,Carlisle,62,GB,1567575032,100,12.75,53.01,54.89,-2.94
515,Comodoro Rivadavia,40,AR,1567574828,64,6.93,35.6,-45.87,-67.48
516,Hovd,20,NO,1567575033,87,13.87,52.0,63.83,10.7
517,Nouakchott,20,MR,1567575033,65,17.22,82.4,18.08,-15.98
518,Igrim,100,RU,1567575033,73,2.53,53.76,63.19,64.42
519,El Alto,40,BO,1567575034,86,9.17,41.0,-16.5,-68.19
520,Ajdovscina,5,SI,1567575034,55,4.7,64.99,45.89,13.91
521,Kenai,75,US,1567575034,67,9.17,57.2,60.55,-151.26
522,Tabou,68,CI,1567575034,96,2.15,73.56,4.42,-7.36
523,Wonthaggi,41,AU,1567575035,65,10.45,66.0,-38.6,145.59
524,San Fernando,20,TT,1567575035,94,10.76,77.0,10.28,-61.46
525,Teya,90,MX,1567575035,88,5.82,79.0,21.05,-89.07
526,Panalingaan,75,PH,1567575036,76,13.65,84.9,8.78,117.42
527,Waingapu,47,ID,1567575036,55,11.77,81.48,-9.65,120.26
528,Quarai,0,BR,1567575036,75,8.81,39.36,-30.39,-56.45
529,Kangaatsiaq,100,GL,1567575037,88,7.45,44.76,68.31,-53.46
530,Pochutla,33,MX,1567575037,83,3.29,79.0,15.74,-96.47
531,Priladozhskiy,90,RU,1567575037,93,4.47,55.99,59.85,31.48
532,Knysna,75,ZA,1567575037,71,10.29,57.2,-34.04,23.05
533,Araguaina,9,BR,1567574898,63,1.86,74.82,-7.19,-48.21
534,Nanyamba,83,MZ,1567575038,66,7.18,75.18,-10.69,39.81
535,Seymchan,87,RU,1567575038,37,12.35,63.12,62.93,152.39
536,Cidreira,86,BR,1567574921,64,5.68,48.72,-30.17,-50.22
537,Largs,40,GB,1567575039,87,6.93,53.6,55.79,-4.87
538,Suhbaatar,98,MN,1567575039,56,3.42,70.14,50.23,106.21
539,Kraluv Dvur,0,CZ,1567575039,81,3.36,52.0,49.95,14.03
540,Maningrida,12,AU,1567574884,48,12.91,82.38,-12.05,134.23
